product_name,product_img_url,product_url,product_price_min,product_short_description
"Precision Tweezers Three Pack in Reclosable Tubes",https://cdn.thegrommet.com/media/catalog/resized/product/fill_w-762_h-572_bg-%23ffffff/G/r/GrippersCase.jpg,https://www.thegrommet.com/products/uncle-bill-s-sliver-grippers-3-sliver-grippers-in-reclosable-tubes,15.95,"Precision handcrafted tweezers in reclosable tubes."
"Dr. Plotka's Anti-Microbial Toothbrush",https://cdn.thegrommet.com/media/catalog/resized/product/fill_w-762_h-572_bg-%23ffffff/a/d/adult_brushes_2_toned_cropped.jpg,https://www.thegrommet.com/products/mouth-watchers-mix-match-toothbrush-set-of-3,14.97,"Nano-Silver toothbrushes for youth and adults. Antibacterial bristles eliminate bacteria naturally within 6 hours. Two tiered Flossing Bristles. Available in Regular Adult and youth as well as battery powered."
"Precision Tweezers Three Pack with Clip Holders",https://cdn.thegrommet.com/media/catalog/resized/product/fill_w-762_h-572_bg-%23ffffff/s/k/sku_tweezwers_1.jpg,https://www.thegrommet.com/products/uncle-bill-s-sliver-grippers-tweezer-tool,15.95,"Precision handcrafted tweezers."
"Detachable Round Brush Add-On Set",https://cdn.thegrommet.com/media/catalog/resized/product/fill_w-762_h-572_bg-%23ffffff/1/5/1566-CON-200_BST.jpg,https://www.thegrommet.com/products/click-n-curl-add-on-set,24.99,"Click n Curl: Barrel Expansion Kit - Large"
"2X Brush Cleaning Glove",https://cdn.thegrommet.com/media/catalog/resized/product/fill_w-762_h-572_bg-%23ffffff/1/6/1655-CON-100_BST.jpg,https://www.thegrommet.com/products/sigma-spa-brush-cleaning-glove,39,"Sigma Spa®: Brush Cleaning Glove - Pink"
"Women's Beauty Tool Set",https://cdn.thegrommet.com/media/catalog/resized/product/fill_w-762_h-572_bg-%23ffffff/s/k/sku_sekiedge_womenskit_1.jpg,https://www.thegrommet.com/products/seki-edge-womens-set,69.95,"Grooming tools from Seki Edge are superior in ability and durability. Crafted in the mountains of Japan, these tools represent a centuries-old heritage of excellence passed down from samurai sword makers."
"Anti-Static Spray for Hair - Set of 2",https://cdn.thegrommet.com/media/catalog/resized/product/fill_w-762_h-572_bg-%23ffffff/s/k/skucover_hair_staticschmatic.jpg,https://www.thegrommet.com/products/static-schmatic-for-hair,24,"A pure, all-natural solution to eliminate static from your hair without any scent or residue. Say goodbye to static and fly-aways."
"Lily Cup Compact",https://cdn.thegrommet.com/media/catalog/resized/product/fill_w-762_h-572_bg-%23ffffff/s/k/skucover_lilycup.jpg,https://www.thegrommet.com/products/lily-cup-compact,39.95,"Lily Cup Compact is the menstrual cup reinvented—soft, flexible, and folds up into a tiny, convenient case that fits in your pocket. It’s more economical and environmentally friendly than using tampons or pads. And you can wear it for up to 10 hours before changing."
"Personal Back Scratcher",https://cdn.thegrommet.com/media/catalog/resized/product/fill_w-762_h-572_bg-%23ffffff/s/k/skucoverv2_cactusscratcher.jpg,https://www.thegrommet.com/products/cactus-scratcher-the-cactus-scratcher,14.95,"The Cactus Scratcher is a personal back scratcher that lets you reach any itch without stretching or straining. One side has wider spikes for gentler scratching. The other has pointier spikes for a more aggressive, exfoliating approach."
"Mineral Powder Refill",https://cdn.thegrommet.com/media/catalog/resized/product/fill_w-762_h-572_bg-%23ffffff/s/k/skucover_refill_brushonblush.jpg,https://www.thegrommet.com/products/brush-on-block-refill,17,"The Brush on Block applicator is self-dispensing and easy to refill with these additional cartridges that twist onto the base. Brush on Block is a brush-on sunscreen that’s easy to apply and nourishes your skin with botanical ingredients. Leading skincare figure Susan Posnick designed this SPF 30 powder for the whole family—light, non-greasy, and perfect for on the go."
"Rejuvenating Gel",https://cdn.thegrommet.com/media/catalog/resized/product/fill_w-762_h-572_bg-%23ffffff/s/k/skucover_gel_footmate_1.jpg,https://www.thegrommet.com/products/footmate-rejuvenating-gel,14.95,"Soften and soothe tired, dry feet with FootMate’s Rejuvenating Gel. The cleanser contains tea tree oil, which is a natural antiseptic, and aloe and Vitamin E to moisturize and help heal minor cuts. This foaming gel is gentle enough to use daily to combat foot odor and thoroughly clean your feet."
"Ultimate Foot Massage & Gel",https://cdn.thegrommet.com/media/catalog/resized/product/fill_w-762_h-572_bg-%23ffffff/s/k/skucover_scrubber_footmate.jpg,https://www.thegrommet.com/products/footmate-white-grey-system,39.95,"Treat your feet to a spa-like experience, right at home. Made in the USA, the FootMate System is a safe and effective way to cleanse, exfoliate, and massage your feet. Thanks to suction cups that secure it to the floor or tub, there’s no need to even bend over. The surface is also anti-skid, anti-mildew, and stain-resistant."
"Beeswax Hand Cream Jar",https://cdn.thegrommet.com/media/catalog/resized/product/fill_w-762_h-572_bg-%23ffffff/s/k/skucover_beeswaxhandcream_savannahbee.jpg,https://www.thegrommet.com/products/savannah-bee-beeswax-hand-cream-jar,14.5,"Fresh peach-scented with a rich and creamy texture, this long-lasting formula protects and softens hard-working hands. Beeswax creates a natural barrier between your skin and cold, dry air, and locks in your skin's natural moisture."
"Healing Honey Stick",https://cdn.thegrommet.com/media/catalog/resized/product/fill_w-762_h-572_bg-%23ffffff/2/0/2034-con-100_bst.jpg,https://www.thegrommet.com/products/life-elements-healing-honey-stick,12,"Life Elements: Healing Honey Stick - 0.5 oz"
"Wearable Nail Polish Holder",https://cdn.thegrommet.com/media/catalog/resized/product/fill_w-762_h-572_bg-%23ffffff/s/k/skucover_tweexy.jpg,https://www.thegrommet.com/products/tweexy-wearable-nail-polish-holder,10,"Paint nails anywhere with this wearable nail polish holder. tweexy’s flexible silicone comfortably fits most fingers, and fits all bottle shapes, too. Wear the bottle while you polish—tweexy keeps it steady and catches drips."
"All-Natural BB Cream - Medium",https://cdn.thegrommet.com/media/catalog/resized/product/fill_w-762_h-572_bg-%23ffffff/s/k/sku_bbcreammedium_lilylolo.jpg,https://www.thegrommet.com/products/lily-lolo-all-natural-bb-cream-medium,18.7,"Lily Lolo’s creamy Beauty Balm is silicone-free and full of anti-aging ingredients like jojoba, aloe, argan oil, and pomegranate. This organic mineral makeup contains natural pigments that smooth imperfections for a flawless look. Use the BB cream on its own or as a primer—it’s lightweight and won’t clog pores."
"All-Natural BB Cream",https://cdn.thegrommet.com/media/catalog/resized/product/fill_w-762_h-572_bg-%23ffffff/s/k/skucover_bbcream_lilylolo.jpg,https://www.thegrommet.com/products/lily-lolo-all-natural-bb-cream,22,"Lily Lolo: All-Natural BB Cream - Fair"
"Lip Crayon",https://cdn.thegrommet.com/media/catalog/resized/product/fill_w-762_h-572_bg-%23ffffff/s/k/sku_lipcrayon_chilered_trestique_1.jpg,https://www.thegrommet.com/products/trestique-lip-crayon,22.4,"“Ingenious” isn’t a word we throw around easily, especially when it comes to makeup. But trèStiQue’s versatile makeup earns that adjective with its brilliant design. The crayon-style stick is a lip pencil and glossy balm in one. And its cap stays closed thanks to (this is so smart) a magnet—avoiding makeup-y messes in your bag or drawers. Even when the cap is on, you can keep your crayons straight thanks to the cap's crayon-like look, complete with color-coordinated tip. The creamy gel texture is rich but lightweight, and was formulated to be long-lasting. Line your lips with an on-trend matte color and finish it off with a layer of balm for shine."
"Contour Duo Brush",https://cdn.thegrommet.com/media/catalog/resized/product/fill_w-762_h-572_bg-%23ffffff/1/8/1832-S-105_BST.jpg,https://www.thegrommet.com/products/cailyn-cosmetics-contour-duo-brush,20.4,"This travel-friendly and compact brush primes, highlights, and contours all-in-one. Each brush is shaped to apply liquid, cream, or powder makeup to effortlessly."
"Aria Beauty Mini Ionic Blow Dryer - Grey",https://cdn.thegrommet.com/media/catalog/resized/product/fill_w-762_h-572_bg-%23ffffff/2/3/2370-S-101_BST.jpg,https://www.thegrommet.com/products/aria-beauty-mini-ionic-blow-dryer,62.99,"This mini ionic blow dryer can deliver salon-worthy results wherever you are. The lightweight, scaled down design is travel-ready (and has dual voltage) without skimping on performance. Ceramic coils create negative ions which reduce frizz, static, and even remove dirt from hair—leaving hair silky smooth."
"Ionic Straightening Brush",https://cdn.thegrommet.com/media/catalog/resized/product/fill_w-762_h-572_bg-%23ffffff/2/3/2370-S-102_BST.jpg,https://www.thegrommet.com/products/aria-beauty-ionic-straightening-brush,71.96,"Tame fly-aways and treat dry hair to a smooth finish with just a few passes of this ionic straightening brush. Heated ceramic plates create negative ions that fight frizz and static, and far-infrared heat waves gently warm hair from the inside out, boosting bounce and shine."
"Adjustable Cosmetic & Drawer Organizer",https://cdn.thegrommet.com/media/catalog/resized/product/fill_w-762_h-572_bg-%23ffffff/2/4/2443-con-100.jpg,https://www.thegrommet.com/products/pokeadot-adjustable-cosmetic-organizer,19.95,"Poke-A-Dot: Organizer with Carrying Case - Black Organizer + Case"
"Women's Pelvic Floor Trainer",https://cdn.thegrommet.com/media/catalog/resized/product/fill_w-762_h-572_bg-%23ffffff/2/4/2476-s-101_bst.jpg,https://www.thegrommet.com/products/elvie-women-s-pelvic-floor-trainer,199,"This award-winning kegel trainer helps women work on strengthening pelvic floor muscles. It’s a smart device and an app that coach you through exercises, giving feedback and encouragement to train this important (but often overlooked) area of the body."
"UV Light Complete Nail Station",https://cdn.thegrommet.com/media/catalog/resized/product/fill_w-762_h-572_bg-%23ffffff/2/5/2550-S-101_3.jpg,https://www.thegrommet.com/products/polder-uv-light-complete-nail-station,35.99,"Treat yourself to a salon-caliber manicure at home. Polder organizes your essentials, gives you a perfectly-raised surface, and even dries your gel or regular polish with an automatic fan and LED curing light. It’s a perfectly polished experience, from base to top coat."
"All-Natural Foot Prep - Set of 2",https://cdn.thegrommet.com/media/catalog/resized/product/fill_w-762_h-572_bg-%23ffffff/2/0/2067-S-102_BST.jpg,https://www.thegrommet.com/products/footgloss-all-natural-foot-prep,17,"FootGloss acts as a barrier between your skin and your shoes, preventing chafing and irritation. Created with all-natural ingredients like beeswax and olive fruit oil, this balm lets you wear every pair of shoes you own—even the ones that usually rub you the wrong way."
"Makeup Brush Cleaner",https://cdn.thegrommet.com/media/catalog/resized/product/fill_w-762_h-572_bg-%23ffffff/2/6/2663-S-101_BST.jpg,https://www.thegrommet.com/products/luxe-makeup-brush-cleaner,49.95,"This makeup brush cleaner spins your brush clean, then it spins it dry. It’s got three levels of agitation and uses just water and soap to get your brushes cleaner with little effort."
"K-Sport SPF 20 Lip Gloss",https://cdn.thegrommet.com/media/catalog/resized/product/fill_w-762_h-572_bg-%23ffffff/2/6/2674-CON-200_BST.jpg,https://www.thegrommet.com/products/katherine-cosmetics-k-sport-spf-20-lip-gloss,24,"Think of this as workout makeup. You can wear this SPF 20 lip gloss to the gym or just when dressed down. It’s sweat-proof and lightweight to give you the just-right amount of coverage to stay put from exercise sessions to coffee dates (and any other stops in between). The formula protects your smile as it enhances it with subtle color and shine."
"K-Sport SPF 20 Sheer Face Stick - Dark/Deep",https://cdn.thegrommet.com/media/catalog/resized/product/fill_w-762_h-572_bg-%23ffffff/2/6/2674-S-102_BST.jpg,https://www.thegrommet.com/products/katherine-cosmetics-k-sport-spf-20-sheer-face-stick-dark-deep,26.96,"Think of this as workout makeup. You can wear this SPF 20 face stick to the gym or just when dressed down. It’s sweat-proof and lightweight to give you the just-right amount of coverage as you move from exercise sessions to coffee dates (and any other stops in between). The tinted formula works great as an all-over sun-protective primer, or use it for light touch-ups and a subtle dose of glow throughout the day."
"Magnetic Clip-On Lashes - Natural Effect",https://cdn.thegrommet.com/media/catalog/resized/product/fill_w-762_h-572_bg-%23ffffff/2/6/2698-S-101_BST.jpg,https://www.thegrommet.com/products/magixlash-magnetic-clip-on-lashes-natural-effect,60.8,"These silk magnetic eyelashes are easy to apply for a comfortable, long-lash look. Rest the top lashes on your natural lashes and line the bottom strip underneath, then the magnets will click in place. It takes just a little practice and the results are worth it."
"Magnetic Clip-On Lashes - Dramatic Effect",https://cdn.thegrommet.com/media/catalog/resized/product/fill_w-762_h-572_bg-%23ffffff/2/6/2698-S-102_BST.jpg,https://www.thegrommet.com/products/magixlash-magnetic-clip-on-lashes-dramatic-effect,63.2,"These silk magnetic eyelashes are easy to apply for a comfortable, long-lash look. Rest the top lashes on your natural lashes and line the bottom strip underneath, then the magnets will click in place. It takes just a little practice and the results are worth it."
"Flocked Non-Slip Hair Pins",https://cdn.thegrommet.com/media/catalog/resized/product/fill_w-762_h-572_bg-%23ffffff/2/7/2724-CON-100_BST.jpg,https://www.thegrommet.com/products/frenchies-flocked-non-slip-hair-pins,5.97,"Frenchies: Flocked Non-Slip Hair Pins - Brown"
"All-Natural Magnesium Roll-On Deodorant",https://cdn.thegrommet.com/media/catalog/resized/product/fill_w-762_h-572_bg-%23ffffff/2/7/2735-CON-100_BST.jpg,https://www.thegrommet.com/products/nfuse-all-natural-magnesium-deodorant,11.95,"nfuse: All-Natural Magnesium Roll-On Deodorant - Rosemary Mint"
"TanMeBox Self Tanning Kit",https://cdn.thegrommet.com/media/catalog/resized/product/fill_w-762_h-572_bg-%23ffffff/2/7/2777-S-101_BST.jpg,https://www.thegrommet.com/products/spray-di-sole-tanmebox-self-tanning-kit,66.45,"Treat skin to a natural self-tanner packed with skin-pleasing organic ingredients. DHA from sugar beets and sugar cane provides the color in the Made in the USA gel by reacting to your skin's natural pigmentation—so no orange-ness here, and no streaks thanks to the brush-on application. Once you get the just-right tan, apply the shimmer bronzer and bronzing spray daily to enhance that natural (and natural-looking) glow."
"Express Silicone Face Brush",https://cdn.thegrommet.com/media/catalog/resized/product/fill_w-762_h-572_bg-%23ffffff/2/8/2804-CON-100_BST.jpg,https://www.thegrommet.com/products/nion-beauty-express-silicone-face-brush,38.95,"Cleanse skin with an electric face brush that ditches traditional bristles in favor of better-for-skin antibacterial silicone. The brush is shower-safe and vibrates to help the silicone glide over skin without causing abrasive friction. And this special silicone is imbued with Tourmaline, which produces health- and mood-boosting negative ions."
"Luxe Silicone Electric Face Brush",https://cdn.thegrommet.com/media/catalog/resized/product/fill_w-762_h-572_bg-%23ffffff/2/8/2804-CON-200_BST.jpg,https://www.thegrommet.com/products/nion-beauty-luxe-silicone-electric-face-brush,98.95,"Cleanse skin with an electric face brush that ditches traditional bristles in favor of better-for-skin antibacterial silicone. The brush is rechargeable and shower-safe, and vibrates to help the silicone glide over skin without causing abrasive friction. And this special silicone is imbued with Tourmaline, which produces health- and mood-boosting negative ions. Flip the brush over to experience a skin-lifting pulsating massage, too."
"Elite Silicone Electric Face Brush",https://cdn.thegrommet.com/media/catalog/resized/product/fill_w-762_h-572_bg-%23ffffff/2/8/2804-CON-300_BST.jpg,https://www.thegrommet.com/products/nion-beauty-elite-silicone-electric-face-brush,128.95,"Nion Beauty: Elite Silicone Electric Face Brush - Pink"
"Opus Silicone Electric Body Brush",https://cdn.thegrommet.com/media/catalog/resized/product/fill_w-762_h-572_bg-%23ffffff/2/8/2804-CON-400_BST.jpg,https://www.thegrommet.com/products/nion-beauty-opus-silicone-electric-body-brush,158.95,"Nion Beauty: Opus Silicone Electric Body Brush - White"
"Custom Body Exfoliator",https://cdn.thegrommet.com/media/catalog/resized/product/fill_w-762_h-572_bg-%23ffffff/2/8/2835-CON-100_BST.jpg,https://www.thegrommet.com/products/viabuff-custom-body-exfoliator,19.95,"This uniquely designed exfoliation buff is an upgrade of the standard bath sponge or loofah that can be customized to suit your skin. This buff treats skin to the perfect balance of cleansing and softening—because you choose the levels of exfoliation it delivers. It's cleaner, dries faster, and lasts longer than the typical versions."
"Body Exfoliator Handle",https://cdn.thegrommet.com/media/catalog/resized/product/fill_w-762_h-572_bg-%23ffffff/2/8/2835-S-111_BST.jpg,https://www.thegrommet.com/products/viabuff-body-exfoliator-handle,7.95,"Fit this handle onto a ViaBuff exfoliation buff to treat even hard-to-reach skin for better cleansing and softening."
"Assorted Face Exfoliator Pack",https://cdn.thegrommet.com/media/catalog/resized/product/fill_w-762_h-572_bg-%23ffffff/2/8/2835-S-112_BST.jpg,https://www.thegrommet.com/products/viabuff-assorted-face-exfoliator-pack,24.95,"The patented petal-like design of these facial exfoliation buffs provides more surface area to clean and scrub skin, and it dries faster (and lasts longer) than typical sponges, too. This skin-pleasing trio deftly targets dry skin to leave your face feeling soft and clean."
"Ice Hair Conditioning Mist",https://cdn.thegrommet.com/media/catalog/resized/product/fill_w-762_h-572_bg-%23ffffff/2/8/2837-S-102_BST.jpg,https://www.thegrommet.com/products/inverse-ice-hair-conditioning-mist,19.96,"Prime your locks for the hair smoothening goodness of the Ice Hair Conditioner Tool. The ice mist™ spray is pH-balanced to help hair cuticles gently close and seal in shine-boosting moisture."
"Home Pedicure Kit",https://cdn.thegrommet.com/media/catalog/resized/product/fill_w-762_h-572_bg-%23ffffff/2/8/2838-CON-100_1.jpg,https://www.thegrommet.com/products/stedi-pedi-home-pedicure-kit,29.95,"Get the best home pedicure with an all-in-one nail care station designed to make the job easier. These pedi kits provide a stable platform for you to work on while you’re in a comfortable position on the couch, in a chair, or even on the bed. There’s storage for nail tools, and even a helpful LED task light. The Plus option also includes a nail dryer and lit magnifier to help you get salon-worthy results."
"Micro-Groove Tongue Scraper",https://cdn.thegrommet.com/media/catalog/resized/product/fill_w-762_h-572_bg-%23ffffff/2/8/2842-CON-100_BST.jpg,https://www.thegrommet.com/products/wondrous-oral-care-micro-groove-tongue-scraper,15.95,"Add this tongue cleaner to your routine to take your mouth to the next level of sparkly-fresh. It’s Made in the USA in a FDA registered dental facility from medical- and food-grade materials (like the ones used in baby bottles) that are free of BPA, parabens, and phthalates. Micro-groove technology maneuvers around your tongue to remove bio-film and give you fresher breath."
"Beeswax Lip Balm - Set of 5",https://cdn.thegrommet.com/media/catalog/resized/product/fill_w-762_h-572_bg-%23ffffff/2/8/2847-S-105_BST.jpg,https://www.thegrommet.com/products/moon-valley-organics-beeswax-lip-balm-set-of-5,11.95,"Soothe dry lips and help seal in moisture with this set of organic beeswax lip balms. The non-GMO, all-natural ingredients—from the bees to the herbs—are grown on a certified B-Corp family farm and combined into balms that smell, and feel, amazing."
"Beeswax Lotion Bar",https://cdn.thegrommet.com/media/catalog/resized/product/fill_w-762_h-572_bg-%23ffffff/2/8/2847-CON-100_BST.jpg,https://www.thegrommet.com/products/moon-valley-organics-beeswax-lotion-bar,11.95,"Moon Valley Organics: Beeswax Lotion Bar - Lavender"
"Ice Hair Conditioner Tool",https://cdn.thegrommet.com/media/catalog/resized/product/fill_w-762_h-572_bg-%23ffffff/2/8/2837-S-101_BST_1.jpg,https://www.thegrommet.com/products/inverse-ice-hair-conditioning-tool,149.95,"Ice is the frizz-fighting foundation in this hair smoothing system. Run the tool over damp hair and its ice cores (that store in the freezer) lock moisture into your strands. Prep with the optional ice mist™ spray that’s pH balanced to prime hair cuticles to close and seal in moisture."
"Konjac Fiber Cleansing Sponge",https://cdn.thegrommet.com/media/catalog/resized/product/fill_w-762_h-572_bg-%23ffffff/2/9/2904-CON-100_2.jpg,https://www.thegrommet.com/products/dew-puffs-konjac-fiber-cleansing-sponge,8,"Dew Puff: Konjac Fiber Cleansing Sponge - Asian Clay"
"Natural Anti-Aging Cream",https://cdn.thegrommet.com/media/catalog/resized/product/fill_w-762_h-572_bg-%23ffffff/2/9/2925-S-101_BST.jpg,https://www.thegrommet.com/products/solscense-natural-anti-aging-cream,29.95,"Help skin recover from sun damage. Natural anti-aging ingredients like polypodium leucotomos extract, or PLE, boosts skin’s ability to protect itself from harmful rays, while others like vitamin E, vitamin B3, and oatmeal hydrate and soothe. The all natural formula moisturizes and tightens skin to reduce the appearance of wrinkles, discoloration, and age spots."
"Nighttime Hydrating Facial Oil",https://cdn.thegrommet.com/media/catalog/resized/product/fill_w-762_h-572_bg-%23ffffff/2/9/2929-S-101_BST.jpg,https://www.thegrommet.com/products/moonlit-skincare-nighttime-hydrating-facial-oil,33.95,"Add this overnight face oil to your bedtime routine to enjoy a better night’s sleep—and fresher looking skin, too. It’s specifically formulated to work with your body’s natural resetting process while you’re sleeping, so you can best absorb the nourishing ingredients. Lavender calms your mind while ingredients like jojoba, ginseng, and grapeseed oil work on hydrating, plumping, and smoothing out skin tone."
"Interdental Brush Set",https://cdn.thegrommet.com/media/catalog/resized/product/fill_w-762_h-572_bg-%23ffffff/2/9/2928-CON-100_2.jpg,https://www.thegrommet.com/products/wingbrush-interdental-brush-set,8.76,"WINGBRUSH interdental cleaner gets into tight spots between teeth that a traditional toothbrush can't reach. The brush’s two-part design of a feeler and bristle head make the deep-cleaning process quicker and easier. It’s an especially effective method if you have braces or bridgework. A brush head lasts for about a week of cleaning and there are different sizes to best suit your smile."
"Facial Dermaplaning Tool",https://cdn.thegrommet.com/media/catalog/resized/product/fill_w-762_h-572_bg-%23ffffff/2/9/2930-S-101_BST.jpg,https://www.thegrommet.com/products/stacked-skincare-facial-dermaplaining-tool,75,"Dermaplaning at home is made easier thanks to this professional-grade tool. Created by a licensed aesthetician, the stainless steel blade makes quick work of peach fuzz and dead skin cells to leave smooth, bright skin behind. It also makes for better absorption of serums and moisturizer. The handle was designed for maximum control and comfort to help you get the just-right angle, and a safety guard helps protect skin from nicks."
"Dermaplaning Tool Refill Blades",https://cdn.thegrommet.com/media/catalog/resized/product/fill_w-762_h-572_bg-%23ffffff/2/9/2930-S-104_BST.jpg,https://www.thegrommet.com/products/stacked-skincare-dermaplaining-tool-refill-blades,23.5,"Dermaplaning at home is made easier with the professional-level tool from StackedSkincare®. This three-pack of replacement blades works out to be around three months of fuzz-free, smoother, and brighter skin."
"Brilliant Sonic Toothbrush Refill Heads",https://cdn.thegrommet.com/media/catalog/resized/product/fill_w-762_h-572_bg-%23ffffff/2/9/2975-S-102_BST.jpg,https://www.thegrommet.com/products/compac-industries-brilliant-lumi-sonic-power-toothbrush-refill-heads,19.72,"Always be prepared with electric toothbrush replacement heads that fit the Brilliant Lumi Sonic Power Toothbrush. Each head features 360 degrees of ultra-fine rounded bristles (over 20, 000 bristles, in fact) that help target plaque and massage gums for an all-around cleaner mouth. Set of two."
"Brilliant Kids Toothbrush Refill Heads",https://cdn.thegrommet.com/media/catalog/resized/product/fill_w-762_h-572_bg-%23ffffff/2/9/2975-CON-200_BST.jpg,https://www.thegrommet.com/products/compac-industries-brilliants-kids-toothbrush-refill-heads,19.95,"Compac Industries: Brilliant Kids Toothbrush Refill Heads - Blue"
"Heavy Duty Hand Soap Scrubber - Trio Pack",https://cdn.thegrommet.com/media/catalog/resized/product/fill_w-762_h-572_bg-%23ffffff/3/0/3043-S-101_BST.jpg,https://www.thegrommet.com/products/surly-soap-scrubber-soap-bar-trio-pack,19.95,"Heavy duty hand soap for seriously dirty clean-ups. This trio of hefty bar soaps is built tough to tackle things like paint, grease, and dirt and has a built-in scrubber to double down on cleaning. A finger rail helps you reach all the grimy spots and there are three levels of intensity to pick from. Soap all gone? You can still use the scrubber."
"Scrubber Soap Bar - Set of 2 - Mild (Green)",https://cdn.thegrommet.com/media/catalog/resized/product/fill_w-762_h-572_bg-%23ffffff/3/0/3043-con-100_bst.jpg,https://www.thegrommet.com/products/surly-soap-scrubber-soap-bar-set-of-2-mild-green,11.16,"Heavy duty hand soap for serious clean-ups. This pack of two hefty bar soaps is built tough to tackle things like paint, grease, and dirt and has a built-in scrubber to double down on cleaning. A finger rail helps you reach all the grimy spots and there are three levels of intensity to pick from. Soap all gone? You can still use the scrubber."
"Heavy Duty Hand Soap Scrubber - Set of 2",https://cdn.thegrommet.com/media/catalog/resized/product/fill_w-762_h-572_bg-%23ffffff/3/0/3043-CON-100_2.jpg,https://www.thegrommet.com/products/surly-soap-scrubber-soap-bar-set-of-2,13.95,"Heavy duty hand soap for serious clean-ups. This pack of two hefty bar soaps is built tough to tackle things like paint, grease, and dirt and has a built-in scrubber to double down on cleaning. A finger rail helps you reach all the grimy spots and there are three levels of intensity to pick from. Soap all gone? You can still use the scrubber."
"Boob Balm",https://cdn.thegrommet.com/media/catalog/resized/product/fill_w-762_h-572_bg-%23ffffff/3/0/3048-CON-100_BST.jpg,https://www.thegrommet.com/products/noniko-boob-balm,19.95,"NONIKO: Boob Balm - Small (0.5 oz)"
"Natural Coconut Oil Deodorant",https://cdn.thegrommet.com/media/catalog/resized/product/fill_w-762_h-572_bg-%23ffffff/3/0/3048-s-105_bst.jpeg,https://www.thegrommet.com/products/noniko-all-natural-coconut-oil-deodorant,13.6,"Feel (and smell) fresh, all day long. Coconut oil deodorant skips the common nasty ingredients in favor of natural ones and is long-lasting, effective, and gentle on skin. Baking soda neutralizes odors, coconut oil thwarts bacteria, and arrowroot powder absorbs moisture. Essential oils round out the formula with fresh, light scents. Made in the USA."
"Whipped Soap",https://cdn.thegrommet.com/media/catalog/resized/product/fill_w-762_h-572_bg-%23ffffff/3/0/3054-CON-100_BST.jpg,https://www.thegrommet.com/products/taylor-street-soap-co-whipped-soap,12,"Whipped soap is a delicious-smelling way to get clean. The jarred soap looks like frosting (no eating, please) and feels like a body butter on skin—rich and creamy. Go for a dessert-inspired scent or try one with a crisp, fresh fragrance. Handmade in small batches in Chicago. Paraben-free and vegan."
"Mini Whipped Soap Gift Set",https://cdn.thegrommet.com/media/catalog/resized/product/fill_w-762_h-572_bg-%23ffffff/3/0/3054-CON-200_BST.jpg,https://www.thegrommet.com/products/taylor-street-soap-co-whipped-soap-gift-set,25,"Taylor Street Soap Co.: Whipped Soap Minis-Dessert Scents"
"Artisan Bar Soap",https://cdn.thegrommet.com/media/catalog/resized/product/fill_w-762_h-572_bg-%23ffffff/3/0/3054-CON-300_BST.jpg,https://www.thegrommet.com/products/taylor-street-soap-co-artisan-bar-soap,8,"Taylor Street Soap Co.: Artisan Bar Soap - Sandalwood Vanilla"
"Travel Face Masks - 3 Pack",https://cdn.thegrommet.com/media/catalog/resized/product/fill_w-762_h-572_bg-%23ffffff/3/0/3070-s-104_5.jpeg,https://www.thegrommet.com/products/timeless-beauty-bar-travel-face-masks-3-pack,18,"Perfectly packaged travel face masks make it easy to enjoy a treat-yourself moment. Made in the USA with pure cotton sheets and ingredients picked to target what your skin needs, like Vitamin C to brighten, oat extract and cucumber to combat puffiness, and red wine and hyaluronic acid to refresh. An on-the-go beauty solution that’s also a fun addition to a night in."
"All-Natural Tick Repellent",https://cdn.thegrommet.com/media/catalog/resized/product/fill_w-762_h-572_bg-%23ffffff/3/0/3075-S-103_BST.jpg,https://www.thegrommet.com/products/ticks-n-all-all-natural-tick-repellent,10.95,"Non-toxic tick prevention for people which uses organic oils to ward off those stubborn pests. Castor, sesame, rosemary, citronella, and other oils work to keep ticks at bay without using any DEET, parabens, or harsh chemicals. Spray it on before you head outside. It works to help soothe bites and stings, too. Made in the USA."
"All-Natural Insect Repellent",https://cdn.thegrommet.com/media/catalog/resized/product/fill_w-762_h-572_bg-%23ffffff/3/0/3075-S-104_BST.jpg,https://www.thegrommet.com/products/ticks-n-all-all-natural-insect-repellent,10.95,"Keep mosquitoes and other pests at bay with organic insect repellent. It’s non-toxic and made with 15 natural oils like citronella, lemongrass, and castor, along with other natural ingredients to ward off insects without any DEET, parabens, or harsh chemicals. Spray it on before you head outside. It helps soothe bites and stings, too. Made in the USA."
"Massage Oil Warming Dispenser Set",https://cdn.thegrommet.com/media/catalog/resized/product/fill_w-762_h-572_bg-%23ffffff/3/0/3084-con-100_bst.jpg,https://www.thegrommet.com/products/pulse-massage-oil-warming-dispenser-set,199,"An all-in-one sensation station. The Pulse massage oil warmer automatically dispenses its own massage oil pods, thanks to an infrared motion detector. This touch-free approach makes things easier and cleaner, and the sleek, compact device is a discreet addition in your space. Hypoallergenic, fragrance-free massage oil pods are made with a natural formula free of parabens and petroleum."
"Hypoallergenic Massage Oil",https://cdn.thegrommet.com/media/catalog/resized/product/fill_w-762_h-572_bg-%23ffffff/3/0/3084-con-300_2.jpg,https://www.thegrommet.com/products/pulse-hypoallergenic-massage-oil-6-pack,34.95,"Hypoallergenic massage oil is a more natural way to feel good. It’s free from fragrance, parabens, and petroleum and is packed with moisturizing goodness. Plant-based oils like safflower, sunflower, grapeseed, and jojoba team up with Vitamin E and rice bran extract to make a blend that feels soft and silky but not greasy."
"Exfoliating Foot Peel",https://cdn.thegrommet.com/media/catalog/resized/product/fill_w-762_h-572_bg-%23ffffff/3/1/3130-S-101_2.jpg,https://www.thegrommet.com/products/baby-foot-exfoliating-foot-peel-mask,25,"Put a pep in your step with a foot peel. The booties are filled with a lavender-scented gel exfoliant packed with 16 natural fruit acids and extracts to remove dry, dead skin, layer by layer. The treatment takes an hour and skin will start to peel within a few days. Let it work its magic and within two weeks the newly soft, smooth skin will be fully revealed."
"Moisturizing Foot Mask",https://cdn.thegrommet.com/media/catalog/resized/product/fill_w-762_h-572_bg-%23ffffff/3/1/3130-S-102_BST.jpg,https://www.thegrommet.com/products/baby-foot-moisturizing-foot-mask,15,"This foot mask is packed with collagen, hyaluronic acid, and 14 natural extracts that all work together to nourish skin and lock in moisture. Treat feet after you’ve completed a Baby Foot exfoliating mask (and the peeling has stopped) or any time in between treatments to keep feet feeling oh-so soft."
"Exfoliating Foot Peel for Men",https://cdn.thegrommet.com/media/catalog/resized/product/fill_w-762_h-572_bg-%23ffffff/3/1/3130-S-103_BST.jpg,https://www.thegrommet.com/products/baby-foot-exfoliating-foot-peel-mask-for-men,25,"This foot peel for men targets dry, rough skin. The booties are filled with a mint-scented gel exfoliant that leans on 16 natural fruit acids and extracts to remove dead skin, layer by layer. The treatment takes an hour and skin will start to peel within a few days. Let it work its magic and within two weeks the newly soft, smooth skin will be fully revealed."
"CBD Bath Bomb",https://cdn.thegrommet.com/media/catalog/resized/product/fill_w-762_h-572_bg-%23ffffff/3/1/3152-con-400_bst.jpg,https://www.thegrommet.com/products/life-elements-cbd-bath-bomb,13.95,"Life Elements: CBD Bath Bomb - 200 mg of CBD"
"Plant-Based Nail Polish - Single Bottle",https://cdn.thegrommet.com/media/catalog/resized/product/fill_w-762_h-572_bg-%23ffffff/3/1/3180-CON-100_BST.jpg,https://www.thegrommet.com/products/hype-non-toxic-nail-polish-single-bottle,7.95,"*hype: Plant-Based Nail Polish - Blackberry - Single Bottle"
"Plant-Based Nail Polish - Choose Three Colors",https://cdn.thegrommet.com/media/catalog/resized/product/fill_w-762_h-572_bg-%23ffffff/3/1/3180-BND-100_BST.jpg,https://www.thegrommet.com/products/hype-non-toxic-nail-polish-set-of-three,20.95,"Plant-based, non-toxic 7-free nail polish takes a gentler and more natural approach to painting your nails. The glossy, long-lasting formula ditches the seven most common chemicals used in nail polish and instead is made with corn, yuca, and potatoes (yes, really). It’s cruelty-free and vegan, too. Pick three bottles from a bevvy of modern colors and four nail treatments. Made in the USA."
"Plant-Based Nail Polish - Choose Six Colors",https://cdn.thegrommet.com/media/catalog/resized/product/fill_w-762_h-572_bg-%23ffffff/3/1/3180-BND-200_BST.jpg,https://www.thegrommet.com/products/hype-non-toxic-nail-polish-set-of-six,39,"Plant-based, non-toxic 7-free nail polish takes a gentler and more natural approach to painting your nails. The glossy, long-lasting formula ditches the seven most common chemicals used in nail polish and instead is made with corn, yuca, and potatoes (yes, really). It’s cruelty-free and vegan, too. Pick six from a bevvy of modern colors and four nail treatments. Made in the USA."
"Murphy's Naturals Insect Repellent & Relief Balm",https://cdn.thegrommet.com/media/catalog/resized/product/fill_w-762_h-572_bg-%23ffffff/2/8/2811-bnd-100_bst.jpg,https://www.thegrommet.com/products/murphy-s-naturals-murphy-s-naturals-repellent-bundle,15.95,"Toss a tin of insect repellent balm or bite relief balm into your bag or car for on-the-go protection from pests or to soothe existing bites. Just apply the repellent to exposed skin to keep mosquitos away. Rub the relief balm into a bite to ease the itch and burn. Made in the USA."
"BULBING® 3D Illusion Lighted Mirror",https://cdn.thegrommet.com/media/catalog/resized/product/fill_w-762_h-572_bg-%23ffffff/3/2/3216-S-101_BST.jpg,https://www.thegrommet.com/products/studio-cheha-bulbing-3d-illusion-mirror-lamp,132,"This 3D illusion mirror creates an eye-catching optical illusion that you can hang on your wall or place on a tabletop for a makeup mirror that makes an impact. The laser-etched acrylic design radiates a clear, warm light that will make any room pop. Plug it in and bask in its creative 2D glow."
"CBD Lip Balm - Set of 2",https://cdn.thegrommet.com/media/catalog/resized/product/fill_w-762_h-572_bg-%23ffffff/3/1/3152-bnd-100_bst_1.jpg,https://www.thegrommet.com/products/life-elements-cbd-lip-balm-2-pack,15,"CBD lip balm is all the buzz, and for good reason. Organic, broad-spectrum CBD is packed with vitamins A and D that help boost skin cell renewal and make lips look and feel healthy. Combine all that goodness with deeply moisturizing honey and beeswax—while leaving out anything harsh—and your smile will be saying thank you. Made in the USA."
"Skin Restoring Light Therapy Device",https://cdn.thegrommet.com/media/catalog/resized/product/fill_w-762_h-572_bg-%23ffffff/3/3/3319-S-101_BST.jpg,https://www.thegrommet.com/products/skin-restoring-light-therapy-device,249.95,"This medical-grade, red light therapy device delivers advanced anti-aging treatment. It uses UV-free, LED red light to penetrate skin and rebuild collagen, which can lead to diminished appearance of wrinkles, lines, sun damage, and more after consistent 15-20 minute sessions."
"Silicone Drinking Straws - 5-Pack",https://cdn.thegrommet.com/media/catalog/resized/product/fill_w-762_h-572_bg-%23ffffff/3/3/3339-CON-100_BST.jpg,https://www.thegrommet.com/products/softy-straws-silicone-drinking-straws-5-pack,8.76,"These reusable silicone straws are soft, flexible, and durable. Two sizes (8.25" and 10.5" long) mean there are straws to suit both drinking glasses and tumblers, and one can easily be cut shorter. An included squeegee makes clean-up easier, too."
"Fingertip Makeup Applicator Set - Buff & Blend Duo",https://cdn.thegrommet.com/media/catalog/resized/product/fill_w-762_h-572_bg-%23ffffff/3/3/3342-S-103_BST.jpg,https://www.thegrommet.com/products/yubi-fingertip-makeup-applicator,39,"This fingertip foundation applicator set makes it simple to apply makeup and skincare products at home or on the go. Slide the compact tool onto your finger and use it like an extension of your hand. The vegan bristles work with any product—from sunscreen to serum—and don’t need cleaning in between."
"Fingertip Makeup Applicator Set - Perfect Polish Set",https://cdn.thegrommet.com/media/catalog/resized/product/fill_w-762_h-572_bg-%23ffffff/3/3/3342-S-104_BST.jpg,https://www.thegrommet.com/products/yubi-fingertip-makeup-applicator-set-perfect-polish-set,49,"This fingertip foundation applicator set makes it simple to apply makeup and skincare products at home or on the go. Slide the compact tool onto your finger and use it like an extension of your hand. The vegan bristles work with any product—from sunscreen to serum—and don’t need cleaning in between."
"Water-Powered Eye Massager",https://cdn.thegrommet.com/media/catalog/resized/product/fill_w-762_h-572_bg-%23ffffff/3/3/3360-S-101_BST.jpg,https://www.thegrommet.com/products/aurai-water-powered-eye-massager,299,"The water-powered eye massager uses warm or cool water therapy to soothe tired eyes. Soft jets deliver calming waves that aim to dissolve stress, muscle tension, and headaches, and help reduce puffiness, too."
"Jade Roller & Eye Serum Set",https://cdn.thegrommet.com/media/catalog/resized/product/fill_w-762_h-572_bg-%23ffffff/2/5/2514-S-116_BST.jpg,https://www.thegrommet.com/products/oleum-vera-jade-roller-and-eye-serum-set,24.95,"Reduce signs of exhaustion in a soothing and natural way. Use the jade roller to relax your face muscles after a stressful week—even stick it in the fridge for an extra cold boost. Drop on a bit of rosehip seed oil before rolling to help moisturize and brighten your skin while you destress."
"All-Natural Soap",https://cdn.thegrommet.com/media/catalog/resized/product/fill_w-762_h-572_bg-%23ffffff/2/7/2760-s-101_bst_1_.jpg,https://www.thegrommet.com/products/maries-original-formulas-all-natural-herbal-soap,9.95,"These all-natural soaps use a blend of oils, herbs, clay, oatmeal, and extracts. Each soap is thoughtfully crafted to help with specific areas of concern from acne to poison ivy. Help soothe, relieve, and restore some peace of mind. Made in the USA."
"Bright Daylight LED Makeup Mirror 2.0",https://cdn.thegrommet.com/media/catalog/resized/product/fill_w-762_h-572_bg-%23ffffff/2/8/2815-con-200_bst.jpg,https://www.thegrommet.com/products/spotlite-hd-led-makeup-mirror-2,100,"Spotlite HD: Bright Daylight LED Makeup Mirror 2.0 - Smokey"
"Anti-Rust Razor Saver",https://cdn.thegrommet.com/media/catalog/resized/product/fill_w-762_h-572_bg-%23ffffff/3/4/3430-S-101_BST.jpg,https://www.thegrommet.com/products/steelbee-anti-rust-razor-saver,12.95,"Using patented technology, the SteelBee releases a protective vapor shield around your blades that keeps the steel protected from moisture. This protective shield dramatically slows the corrosion process and extends the life of your razor blades up to three times."
"Awake™ Portable Ionic Hairbrush",https://cdn.thegrommet.com/media/catalog/resized/product/fill_w-762_h-572_bg-%23ffffff/3/4/3442-S-101_BST.jpg,https://www.thegrommet.com/products/ninja-cosmetix-awake-portable-ionic-hairbrush,34.95,"This portable ionic hair brush packs a salon-worthy experience in the palm of your hand. By generating negative ions the brush can help seal hair cuticles, making hair look and feel smoother and shinier, and less prone to breakage. Micro-vibrations help stimulate blood flow to the scalp, which can help promote hair growth and feels really good."
"Glam Stick Facial Hair Remover",https://cdn.thegrommet.com/media/catalog/resized/product/fill_w-762_h-572_bg-%23ffffff/3/4/3472-S-101_BST.jpg,https://www.thegrommet.com/products/dan-adora-glam-stick-facial-hair-remover,19.95,"This facial hair remover remains stealthy while gently eliminating hair from all over your body. It’s shaped like a lipstick to be both discreet and compact. A built-in LED light ensures no hair is missed."
"All-Natural Magnesium Gel Deodorant",https://cdn.thegrommet.com/media/catalog/resized/product/fill_w-762_h-572_bg-%23ffffff/c/o/con_bst.jpg,https://www.thegrommet.com/products/nfuse-all-natural-magnesium-gel-deodorant,11.95,"nfuse: All-Natural Magnesium Gel Deodorant - Coconut"
"MACARON For Hair Travel Brush",https://cdn.thegrommet.com/media/catalog/resized/product/fill_w-762_h-572_bg-%23ffffff/3/4/3495-CON-100_BST.jpg,https://www.thegrommet.com/products/milk-and-sass-macaron-for-hair-travel-brush,12.95,"This petite French-inspired, California-designed travel brush smooths knots and detangles effortlessly without pain or pulling. The case doubles as a compact mirror to keep the brush clean no matter where you store it. Take it with you to the gym, on a weekend trip, or in your purse. This lightweight hairbrush fits everywhere and can be used on all hair types."
"MACARON For Hair & Sugar Twists",https://cdn.thegrommet.com/media/catalog/resized/product/fill_w-762_h-572_bg-%23ffffff/i/m/img_0151_1_.jpg,https://www.thegrommet.com/products/milk-andsass-macaron-for-hair-sugar-twists,23,"MILK+SASS: MACARON For Hair® & Sugar Twists® - Black Licorice"
"Sugar Twists Hair Ties 3-Pack",https://cdn.thegrommet.com/media/catalog/resized/product/fill_w-762_h-572_bg-%23ffffff/3/4/3495-CON-300_BST.jpg,https://www.thegrommet.com/products/milk-and-sass-sugar-twists-hair-ties-3-pack,19,"MILK+SASS: Sugar Twists® Hair Ties 3-Pack - Tutti Frutti"
"Aromatherapy Balm Stick",https://cdn.thegrommet.com/media/catalog/resized/product/fill_w-762_h-572_bg-%23ffffff/3/5/3582-CON-100_BST.jpg,https://www.thegrommet.com/products/scentered-aromatherapy-balm-stick,24,"Scentered: Aromatherapy Balm Stick - De-Stress"
"Aromatherapy Balm & Candle Gift Set",https://cdn.thegrommet.com/media/catalog/resized/product/fill_w-762_h-572_bg-%23ffffff/3/5/3582-CON-200_BST.jpg,https://www.thegrommet.com/products/scentered-aromatherapy-balm-and-candle-gift-set,39,"Scentered: Aromatherapy Balm & Candle Gift Set - Escape"
"French Green Clay Detox Mask",https://cdn.thegrommet.com/media/catalog/resized/product/fill_w-762_h-572_bg-%23ffffff/3/0/3048-S-109_BST.jpg,https://www.thegrommet.com/products/noniko-french-green-clay-detox-mask,20,"Treat skin to a French green clay detox mask that can help soften and smooth your complexion. Clay and matcha pair up to purify and clarify skin and leave it feeling fresh."
"Pink Himalayan Sea Salt Body Scrub",https://cdn.thegrommet.com/media/catalog/resized/product/fill_w-762_h-572_bg-%23ffffff/3/0/3048-S-110_BST.jpg,https://www.thegrommet.com/products/noniko-pink-himalayan-sea-salt-body-scrub,24,"Scrub a dub-dub, exfoliate in the tub. Use this pink Himalayan sea salt body scrub to gently smooth and soften skin. Coconut oil moisturizes and sweet orange essential oil leaves a light, fresh scent in its wake."
"Therapeutic Botanical Bath Tea",https://cdn.thegrommet.com/media/catalog/resized/product/fill_w-762_h-572_bg-%23ffffff/3/0/3048-S-111_BST.jpg,https://www.thegrommet.com/products/noniko-therapeutic-botanical-bath-tea,24,"Bath time becomes relax-and-unwind-time with a dose of therapeutic bath tea. A blend of botanicals like lavender, chamomile, and calendula help nourish skin and promote all-over relaxation."
"Skin Smoothing Dry Brush",https://cdn.thegrommet.com/media/catalog/resized/product/fill_w-762_h-572_bg-%23ffffff/N/O/NONIKO-20211021211539-NonikoEcom-027copy.jpg,https://www.thegrommet.com/products/noniko-skin-smoothing-dry-brush,20,"This skin-smoothing dry brush is crafted in Germany with pear wood and natural bristles. Incorporate brushing in your daily routine to encourage smoother skin and an energized feeling all over."
"Exfoliating Skin Care Kit",https://cdn.thegrommet.com/media/catalog/resized/product/fill_w-762_h-572_bg-%23ffffff/3/0/3048-S-113_BST.jpg,https://www.thegrommet.com/products/noniko-exfoliating-skin-care-kit,35,"The exfoliating skincare kit helps promote soft skin and a relaxed all-of-you. Target dryness with the Himalayan sea salt scrub and then soak stress away with a relaxing and hydrating therapeutic bath infused with calming and soothing botanicals."
"Botanical Foot Deodorant Spray",https://cdn.thegrommet.com/media/catalog/resized/product/fill_w-762_h-572_bg-%23ffffff/3/6/3614-S-101_BST.jpg,https://www.thegrommet.com/products/field-botanicals-botanical-foot-deodorant-spray,26,"This botanical foot deodorant is Made in the USA and works to tamp down odors naturally and effectively. Spray it onto feet or into shoes and a combination of probiotics and essential oils helps diminish unwanted odors. Free from synthetic fragrance."
"Botanical Fragrance Mist",https://cdn.thegrommet.com/media/catalog/resized/product/fill_w-762_h-572_bg-%23ffffff/3/6/3614-S-102_BST.jpg,https://www.thegrommet.com/products/field-botanicals-botanical-fragrance-mist,28,"This botanical fragrance mist helps keep you smelling fresh and clean without synthetic fragrance or harsh chemicals. Made in the USA with a moisturizing aloe base, the botanical blend contains plant adaptogens with naturally deodorizing properties that last all day."
"Reusable  Swab",https://cdn.thegrommet.com/media/catalog/resized/product/fill_w-762_h-572_bg-%23ffffff/3/6/3618-CON-100_BST.jpg,https://www.thegrommet.com/products/lastobject-reusable-cotton-swab,12,"This reusable swab serves a sustainable solution. It cleans up easily with soap and warm water, and can last up to 1000 uses, making it a more durable and less wasteful alternative to single-use swabs. Opt for a cleaning or makeup swab that comes with a biodegradable case."
"Miracle Balm",https://cdn.thegrommet.com/media/catalog/resized/product/fill_w-762_h-572_bg-%23ffffff/3/6/3608-s-103_bst.jpeg,https://www.thegrommet.com/products/dr-dougs-balms-miracle-balms,29.95,"The natural miracle balm is Made in the USA to work its soothing, healing magic with organic ingredients like olive and coconut oil and beeswax that are naturally moisture-rich. From dry skin to cuts and insect bites, it can help quell irritation and inflammation. Opt for balm with zinc oxide for an added dose of sun protection."
"Bug Potion Balm",https://cdn.thegrommet.com/media/catalog/resized/product/fill_w-762_h-572_bg-%23ffffff/3/6/3608-s-107_bst_1.jpeg,https://www.thegrommet.com/products/dr-dougs-balms-bug-potion-balms,31.95,"Dr. Doug's Balms: Bug Potion Balm - Original - 2 oz"
"Teeth Whitening Gel",https://cdn.thegrommet.com/media/catalog/resized/product/fill_w-762_h-572_bg-%23ffffff/3/6/3635-con-100_bst.jpg,https://www.thegrommet.com/products/glo-science-teeth-whitening-gel,24,"This teeth whitening gel is a sensitivity-free way to brighten your smile at home. The specially formulated gel applies in seconds and a treatment takes only eight minutes. Use it for touch-ups or with the GLO Science whitening mouthpiece. Invented by a dentist, it’s vegan, gluten-free, cruelty-free."
"At-Home Teeth Whitening Kit",https://cdn.thegrommet.com/media/catalog/resized/product/fill_w-762_h-572_bg-%23ffffff/3/6/3635-s-101_bst.jpg,https://www.thegrommet.com/products/glo-science-at-home-teeth-whitening-kit-bundle,149,"GLO Science: At-Home Teeth Whitening Kit"
"Cordless Curling Iron & Wand",https://cdn.thegrommet.com/media/catalog/resized/product/fill_w-762_h-572_bg-%23ffffff/3/1/3106-S-105_BST.jpg,https://www.thegrommet.com/products/lunata-beauty-cordless-curling-iron-and-wand,250,"Easy, on-the-go ‘do’s from a cordless rechargeable curling wand. Its titanium barrel heats up to 450 degrees and has a removable clip that lets you move between creating beachy waves and curls. Three plug attachments are included to work in outlets around the world as well as a silicone shield to help protect surfaces from heat."
"Cordless Flat Iron & Styler",https://cdn.thegrommet.com/media/catalog/resized/product/fill_w-762_h-572_bg-%23ffffff/3/1/3106-CON-100_BST.jpg,https://www.thegrommet.com/products/lunata-beauty-cordless-flat-iron-and-styler,185,"Easy, on-the-go touch-ups from a cordless flat iron. The rechargeable, full-size iron has dual voltage to work around the globe while it smooths hair and fights frizz. Digital adjustable temperature heats the titanium plates up to 450 degrees, and the iron can even work its straightening magic when charging, too."
"Bath & Body Brush Set",https://cdn.thegrommet.com/media/catalog/resized/product/fill_w-762_h-572_bg-%23ffffff/3/6/3661-S-103_BST.jpg,https://www.thegrommet.com/products/zefiro-bath-and-body-brush-set,29.95,"This bath and body brush set provides a natural spa experience you can enjoy every day. The dry brush—made of beechwood with sisal bristles—gently exfoliates skin without the risk of bacteria, like with plastic sponges. Scrub every spot with the long handle dry/wet brush and face brush that make it easy to clean up in a sustainable way."
"All-Natural Handmade Bar Soap - 3-Pack",https://cdn.thegrommet.com/media/catalog/resized/product/fill_w-762_h-572_bg-%23ffffff/2/6/2618_bnd-100_bst.jpg,https://www.thegrommet.com/products/the-feya-co-all-natural-handmade-bar-soap-bundle,24,"The Feya Co.: All-Natural Handmade Bar Soap - Unscented Soap"
"CBD Sugar Scrub",https://cdn.thegrommet.com/media/catalog/resized/product/fill_w-762_h-572_bg-%23ffffff/3/1/3152-s-115_bst.jpg,https://www.thegrommet.com/products/life-elements-cbd-sugar-scrubs,39.95,"Treat all of you to the all-natural feel-good benefits of a CBD sugar scrub. Honey, sugar, and other botanicals work to exfoliate and moisturize skin while organic, broad-spectrum CBD can quell inflammation and help boost overall relaxation. Made in the USA."
"Make Your Own Nail Polish Kit",https://cdn.thegrommet.com/media/catalog/resized/product/fill_w-762_h-572_bg-%23ffffff/m/i/mixify.jpg,https://www.thegrommet.com/products/mixify-beauty-make-your-own-nail-polish-kit,34.95,"Create your own signature style with this DIY nail polish kit. Revitalize the craft of nail polish by having fun and inventing your next best look. The nail polish found in this kit is vegan and free of at least 5 common environmental toxins often found in other beauty products."
"CBD Skin Repair Salve Stick",https://cdn.thegrommet.com/media/catalog/resized/product/fill_w-762_h-572_bg-%23ffffff/3/1/3152-con-600_bst_1.jpg,https://www.thegrommet.com/products/life-elements-cbd-skin-repair-salve-sticks,15.95,"A full spectrum of relief from CBD salve that works to repair dry, cracked skin, or help minor cuts, bites, and rashes feel better. Organic, broad-spectrum CBD is packed with antioxidants that help it target inflammation, and it can help quell anxiety, too. There's nothing harsh in here, but plenty of natural skin-pleasers like beeswax, shea butter, and tea tree oil to hydrate, nourish, and soothe skin. Made in the USA."
"Self Care Therapeutic Pillow Kits",https://cdn.thegrommet.com/media/catalog/resized/product/fill_w-762_h-572_bg-%23ffffff/3/6/3697-con-100_bst_u.jpg,https://www.thegrommet.com/products/hot-cherry-self-care-therapeutic-pillow-kit,89.95,"Hot Cherry: Self Care Therapeutic Pillow Kit - Feel Better Pack"
"UV-C Compact Toothbrush Sterilizer",https://cdn.thegrommet.com/media/catalog/resized/product/fill_w-762_h-572_bg-%23ffffff/3/5/3555-CON-200_BST.jpg,https://www.thegrommet.com/products/uvnia-uvc-compact-toothbrush-sterilizer,29.95,"UVNIA: UV-C Compact Toothbrush Sterilizer - White"
"Hemp Essential Oil Hair Mask Treatment",https://cdn.thegrommet.com/media/catalog/resized/product/fill_w-762_h-572_bg-%23ffffff/3/0/3078-S-102_BST.jpg,https://www.thegrommet.com/products/fog-and-tree-hemp-essential-oil-hair-mask-treatment,24,"The Fog & Tree Hemp Essential Oil Hair Mask Treatment is formulated with plant-based ingredients and infused with calming hemp essential oils and 30 mg of CBD to restore your luscious locks. Lightly scented with rose, eucalyptus, citrus, and a hint of coastal fog. Made in the USA."
"The Reusable Handkerchief Tissue Pack",https://cdn.thegrommet.com/media/catalog/resized/product/fill_w-762_h-572_bg-%23ffffff/3/6/3618-CON-200_W_E.jpg,https://www.thegrommet.com/products/lastobject-the-reusable-handkerchief-tissue-packs,24,"The Reusable Handkerchief Tissue Pack combines the easy, on-the-go availability of the tissue pack and softness and reusability of the handkerchief. Each pack includes six tissues that can be washed up to 520 times each."
"Active Skin Repair Hydrogel",https://cdn.thegrommet.com/media/catalog/resized/product/fill_w-762_h-572_bg-%23ffffff/3/8/3875-S-101_BST.jpg,https://www.thegrommet.com/products/bldg-active-active-skin-repair-hydrogel,29.95,"Active Skin Repair Hydrogel is a multi-functional medical-grade treatment for your everyday wound care and skin repair needs. This non-toxic and antibiotic-free solution helps support the body’s natural healing process. Made in the USA."
"Active Antimicrobial Hand & Face Spray",https://cdn.thegrommet.com/media/catalog/resized/product/fill_w-762_h-572_bg-%23ffffff/3/8/3875-S-107_BST.jpg,https://www.thegrommet.com/products/bldg-active-active-antimicrobial-hand-and-face-spray,29.95,"Active Antimicrobial Hand & Face Spray is a non-toxic and antibiotic-free hydrogel spray that is safe to use around all areas of your body, including your mouth, nose, ears, and eyes. It harnesses the power of HOCl, the same molecule produced by our bodies. Made in the USA."
"Active Skin Repair - Kid / Baby",https://cdn.thegrommet.com/media/catalog/resized/product/fill_w-762_h-572_bg-%23ffffff/3/8/3875-CON-100_BST.jpg,https://www.thegrommet.com/products/bldg-active-active-skin-repair,24.95,"BLDG Active: Active Skin Repair - Kid / Baby - Baby"
"Socks, Stone and Body Butter Gift Set",https://cdn.thegrommet.com/media/catalog/resized/product/fill_w-762_h-572_bg-%23ffffff/3/6/3637-CON-300_BST.jpg,https://www.thegrommet.com/products/silver-spun-goods-socks-stone-and-body-butter-gift-set,45,"SILVER SPUN® GOODS: Socks, Stone & Body Butter Gift Set - Small Socks"
"Nanoweave™ Quick Dry Hair Towel",https://cdn.thegrommet.com/media/catalog/resized/product/fill_w-762_h-572_bg-%23ffffff/3/6/3694-CON-100_BST_2.jpg,https://www.thegrommet.com/products/volo-beauty-nanoweave-quick-dry-hair-towel,39,"This Nanoweave™ material is soft and plush, making it extremely absorbent and gentle on your hair. Use the Nanoweave™ Quick Dry Hair Towel to decrease the amount of time needed for your hair to dry. The snag-free grippy strap ensures your towel stays tucked into place."
"Voila! Plant-Based Nail Polish Set",https://cdn.thegrommet.com/media/catalog/resized/product/fill_w-762_h-572_bg-%23ffffff/3/1/3180-s-152_bst.jpg,https://www.thegrommet.com/products/hype-voila-plant-based-nail-polish-set,27,"*hype: Voila! Plant-Based Nail Polish Set"
"Perfect Plant-Based Nail Polish Set",https://cdn.thegrommet.com/media/catalog/resized/product/fill_w-762_h-572_bg-%23ffffff/3/1/3180-con-200_bst.jpg,https://www.thegrommet.com/products/hype-perfect-plant-based-nail-polish-set-collection,27,"*hype: Perfect Plant-Based Nail Polish Set - Collection with Hardener"
"Under Eye Dark Circle & Wrinkle Serum",https://cdn.thegrommet.com/media/catalog/resized/product/fill_w-762_h-572_bg-%23ffffff/W/i/Wink-20211026160605-UndereyeTallopenlarge.jpg,https://www.thegrommet.com/products/under-eye-dark-circle-wrinkle-serum,15,"Amalie Beauty: Under Eye Dark Circle & Wrinkle Serum"
"SOVA 3D Custom Fit Night Guard",https://cdn.thegrommet.com/media/catalog/resized/product/fill_w-762_h-572_bg-%23ffffff/U/N/UNKNOWN-20220110162314-SOVANightGuard3DAsset3.jpg,https://www.thegrommet.com/products/sova-custom-fit-night-guard,29.95,"SISU: SOVA 3D Custom Fit Night Guard"
"Aura Lighted Vanity Makeup Mirror",https://cdn.thegrommet.com/media/catalog/resized/product/fill_w-762_h-572_bg-%23ffffff/F/a/FanciiCo.-20220216204826-AuraRoseGold2.jpg,https://www.thegrommet.com/products/aura-lighted-vanity-makeup-mirror,59,"Fancii & Co.: Aura Lighted Vanity Makeup Mirror - White"
"Zora Rechargeable LED Trifold Mirror",https://cdn.thegrommet.com/media/catalog/resized/product/fill_w-762_h-572_bg-%23ffffff/F/a/FanciiCo.-20220216201555-Zora3.jpg,https://www.thegrommet.com/products/zora-rechargeable-led-trifold-mirror,69,"Fancii & Co.: Zora Rechargeable LED Trifold Mirror"
"Lana Rechargeable Round 10X Magnifying Mirror",https://cdn.thegrommet.com/media/catalog/resized/product/fill_w-762_h-572_bg-%23ffffff/F/a/FanciiCo.-20220216204429-LanaRoseGold2.jpg,https://www.thegrommet.com/products/lana-rechargeable-round-10x-magnifying-mirror,69,"Fancii & Co.: Lana Rechargeable Round 10X Magnifying Mirror - Rose Gold"
"Mila Rechargeable Compact Mirror",https://cdn.thegrommet.com/media/catalog/resized/product/fill_w-762_h-572_bg-%23ffffff/F/a/FanciiCo.-20220216204015-MilaWhite3.jpg,https://www.thegrommet.com/products/mila-rechargeable-compact-mirror,47,"Fancii & Co.: Mila Rechargeable Compact Mirror"
"Mynt Cordless Mani Pedi Nail File",https://cdn.thegrommet.com/media/catalog/resized/product/fill_w-762_h-572_bg-%23ffffff/F/a/FanciiCo.-20220216203135-MyntSoftGrey3.jpg,https://www.thegrommet.com/products/mynt-cordless-mani-pedi-nail-file,35,"Fancii & Co.: Mynt Cordless Mani Pedi Nail File - Soft Grey"
NULL,NULL,NULL,NULL,NULL
"Herbal Inhalation Jar",https://cdn.thegrommet.com/media/catalog/resized/product/fill_w-762_h-572_bg-%23ffffff/c/l/clearmyhead.jpg,https://www.thegrommet.com/products/clear-my-head-herbal-inhalation-jar,19.5,"Clear My Head is a natural remedy for stuffy noses. It can relieve sinus pressure and even headaches—breathe from the jar of seven herbs and essential oils, or mix into hot water for a steam treatment. Avoid the side effects and lingering odors of menthol rubs with this aromatherapy alternative."
"Herbal Inhalation To Go Roll-On",https://cdn.thegrommet.com/media/catalog/resized/product/fill_w-762_h-572_bg-%23ffffff/s/k/skucover_applying_2go_clearmyhead.jpg,https://www.thegrommet.com/products/clear-my-head-herbal-inhalation-to-go-roll-on,15,"Clear My Head is a natural remedy for stuffy noses. It can relieve congestion and even headaches on the go—roll the oil blend under your nose or on your chest, or even beneath your ears to help relieve earache. Avoid the side effects and lingering odors of menthol rubs with this aromatherapy alternative."
"Sinus Relief Bath & Shower Fizzies",https://cdn.thegrommet.com/media/catalog/resized/product/fill_w-762_h-572_bg-%23ffffff/2/0/2026-S-103_BST.jpg,https://www.thegrommet.com/products/clear-my-head-sinus-relief-bath-and-shower-fizzies,15,"A natural remedy for stuffy noses, these bath fizzies can help relieve congestion and even headaches while you bathe, shower, or steam. Avoid the side effects and lingering odors of menthol rubs with this aromatherapy alternative and let this sinus blend help you breathe more freely."
"Vulcan Aromatherapy Diffuser",https://cdn.thegrommet.com/media/catalog/resized/product/fill_w-762_h-572_bg-%23ffffff/2/3/2387-S-109_BST.jpg,https://www.thegrommet.com/products/serene-house-vulcan-2-aromatherapy-diffuser,99.95,"Each ultrasonic humidifier from Serene House is as lovely as it is functional. The Vulcan II fills up to 450 square feet with purifying mist, aromatherapy, and mood lighting. Its ceramic oscillator emits ultrasonic vibrations that create a cool, fine mist, boosting the moisture balance in the room. It even comes with a remote control so you can tweak the mist to your liking."
"Donut Aromatherapy Diffuser",https://cdn.thegrommet.com/media/catalog/resized/product/fill_w-762_h-572_bg-%23ffffff/2/3/2387-S-110_BST.jpg,https://www.thegrommet.com/products/serene-house-donut-2-aromatherapy-diffuser,129.95,"Each ultrasonic humidifier from Serene House is as lovely as it is functional. The Donut II fills up to 450 square feet with purifying mist, aromatherapy, mood lighting, and your favorite songs. Its ceramic oscillator emits ultrasonic vibrations that create a cool, fine mist, boosting the room’s moisture balance. Add some drops of your favorite essential oil and that fresher feeling air will have a great scent, too."
"Alpaca Fleece Aromatherapy Jar",https://cdn.thegrommet.com/media/catalog/resized/product/fill_w-762_h-572_bg-%23ffffff/3/1/3120-CON-100_2.jpg,https://www.thegrommet.com/products/great-lakes-fibers-alpaca-fleece-aromatherapy,6.4,"A portable aromatherapy jar packed with fluffy alpaca fleece makes it easy to enjoy a breathe-deep moment just about anywhere. The hand-dyed fleece is infused with natural essential oils. Use one for a quick relaxing or reviving aromatherapy experience or to deodorize a small space. Made in Ohio."
"Neck Wrap Heating & Cooling Pad",https://cdn.thegrommet.com/media/catalog/resized/product/fill_w-762_h-572_bg-%23ffffff/3/6/3687-CON-100_BST.jpg,https://www.thegrommet.com/products/huggaroo-original-neck-wrap-heating-pad,35.99,"Huggaroo: Original Neck Wrap Heating Pad - Gray"
"Weighted Neck Wrap",https://cdn.thegrommet.com/media/catalog/resized/product/fill_w-762_h-572_bg-%23ffffff/3/6/3687-CON-200_BST.jpg,https://www.thegrommet.com/products/huggaroo-weighted-neck-wrap,35.99,"Huggaroo: Weighted Neck Wrap - Blue"
"Microwaveable Headache Wrap",https://cdn.thegrommet.com/media/catalog/resized/product/fill_w-762_h-572_bg-%23ffffff/3/6/3687-CON-300_BST.jpg,https://www.thegrommet.com/products/huggaroo-microwaveable-headache-wrap,29.99,"Huggaroo: Microwaveable Headache Wrap - Unscented (Gray)"
"Portable UV Light Air Purifier",https://cdn.thegrommet.com/media/catalog/resized/product/fill_w-762_h-572_bg-%23ffffff/1/5/1553-S-605_BST.jpg,https://www.thegrommet.com/products/keysmart-portable-uv-light-air-purifier,119.95,"The HEPA filter removes, smoke, odor, pet dander, and pollution from the air before it passes through the UV light sterilizer where 99.9% of germs and bacteria are killed. The compact design fits most cup holders and cleans spaces up to 160 sq feet."
"Signature Ritual Aromatherapy Kit",https://cdn.thegrommet.com/media/catalog/resized/product/fill_w-762_h-572_bg-%23ffffff/3/5/3582-s-113_bst.jpg,https://www.thegrommet.com/products/scentered-signature-ritual-aromatherapy-kits,80,"With this aromatherapy gift set on hand, you’re ready to create the perfect mindfulness moment in an instant. Whatever you feel like you need a boost of—calm, joy, relaxation and more—each stick is crafted with a blend of pure essential oils perfectly balanced to encourage a lovely-smelling, feel-good vibe."
"Aromatherapy Mini Balm Tin",https://cdn.thegrommet.com/media/catalog/resized/product/fill_w-762_h-572_bg-%23ffffff/3/5/3582-s-114_bst.jpg,https://www.thegrommet.com/products/scentered-aromatherapy-mini-balm-tins,36,"Get centered, feel energized, or chill out with an aromatherapy balm stick. Whatever you feel like you need a boost of, each stick is crafted with a blend of pure essential oils perfectly balanced to encourage a mini mindfulness moment and a lovely-smelling, feel-good vibe."
"Spiral Hybrid Humidifier with Aromatherapy",https://cdn.thegrommet.com/media/catalog/resized/product/fill_w-762_h-572_bg-%23ffffff/3/9/3935-S-107_BST.jpg,https://www.thegrommet.com/products/objecto-spiral-hybrid-humidifier-with-aromatherapy,170,"Objecto: Spiral Hybrid Humidifier with Aromatherapy"
"Rustic Hybrid Humidifier with Aromatherapy",https://cdn.thegrommet.com/media/catalog/resized/product/fill_w-762_h-572_bg-%23ffffff/3/9/3935-CON-100_BST.jpg,https://www.thegrommet.com/products/objecto-rustic-hybrid-humidifier-with-aromatherapy,170,"Objecto: Rustic Hybrid Humidifier with Aromatherapy"
"Glossy Hybrid Humidifer with Aromatherapy",https://cdn.thegrommet.com/media/catalog/resized/product/fill_w-762_h-572_bg-%23ffffff/3/9/3935-CON-200_BST.jpg,https://www.thegrommet.com/products/objecto-glossy-hybrid-humidifer-with-aromatherapy,150,"Objecto: Glossy Hybrid Humidifer with Aromatherapy - White"
"Aromatherapy Towel Warmer",https://cdn.thegrommet.com/media/catalog/resized/product/fill_w-762_h-572_bg-%23ffffff/Z/a/ZadroInc.-20211124222646-TWBA2000FrontOpen.jpg,https://www.thegrommet.com/products/aromatherapy-towel-warmer,169.95,"Zadro, Inc.™: Aromatherapy Towel Warmer"
